{

	"metadata" :
	{
		"formatVersion" : 3.1,
		"generatedBy"   : "Blender 2.65 Exporter",
		"vertices"      : 16,
		"faces"         : 8,
		"normals"       : 1,
		"colors"        : 0,
		"uvs"           : [16],
		"materials"     : 1,
		"morphTargets"  : 0,
		"bones"         : 0
	},

	"scale" : 1.000000,

	"materials" : [	{
		"DbgColor" : 15658734,
		"DbgIndex" : 0,
		"DbgName" : "Material",
		"blending" : "NormalBlending",
		"colorAmbient" : [0.015214731025915307, 0.12721121500747223, 0.640000066757203],
		"colorDiffuse" : [0.015214731025915307, 0.12721121500747223, 0.640000066757203],
		"colorSpecular" : [0.5, 0.5, 0.5],
		"depthTest" : true,
		"depthWrite" : true,
		"shading" : "Lambert",
		"specularCoef" : 50,
		"transparency" : 1.0,
		"transparent" : false,
		"vertexColors" : false
	}],

	"vertices" : [2.79397e-09,0.000174761,4000,4000,0.000174761,4000,2.79397e-09,0,-7.45058e-09,4000,0,-7.45058e-09,9.31323e-10,2.19345e-05,500,2.79397e-09,0.000153065,3500,4000,0.000153065,3500,4000,2.19345e-05,500,500,0.000174761,4000,3500,0.000174761,4000,3500,0,-7.45058e-09,500,0,-7.45058e-09,3500,0.000153065,3500,500,0.000153065,3500,3500,2.19345e-05,500,500,2.19345e-05,500],

	"morphTargets" : [],

	"normals" : [0,1,0],

	"colors" : [],

	"uvs" : [[0.868446,0.872382,0.992435,0.872382,0.992435,0.996371,0.868446,0.996371,0.868446,0.004458,0.992435,0.004458,0.992435,0.128447,0.868446,0.128447,0.000521,0.872382,0.12451,0.872382,0.12451,0.996371,0.000521,0.996371,0.000521,0.004458,0.12451,0.004458,0.12451,0.128447,0.000521,0.128447]],

	"faces" : [43,14,7,3,10,0,0,1,2,3,0,0,0,0,43,9,1,6,12,0,4,5,6,7,0,0,0,0,43,4,15,11,2,0,8,9,10,11,0,0,0,0,43,0,8,13,5,0,12,13,14,15,0,0,0,0,43,15,14,10,11,0,9,0,3,10,0,0,0,0,43,4,5,13,15,0,8,15,14,9,0,0,0,0,43,14,12,6,7,0,0,7,6,1,0,0,0,0,43,8,9,12,13,0,13,4,7,14,0,0,0,0],

	"bones" : [],

	"skinIndices" : [],

	"skinWeights" : [],

	"animation" : {}


}
